Player,SlatePlayerID,Ownership,Sample,%:,Cut,Top 20,Top 5,Win,DK:,SD,Salary,Finish Pts,Scoring Pts,Points,Value,FD:,SD,Salary,Finish Pts,Scoring Pts,Points,Value,Yahoo:,Salary,Finish Pts,Scoring Pts,Points,Value
Tony Finau,0,21.11,150,,0.811025,0.49585,0.21095,0.062425,,31.58202609,11000,6.7464,67.59175,74.34,13.79,,33.58032758,11400,4.8724,69.2539,74.13,9.07,,,4.2095,64.60396,68.81,-2325.32
Scottie Scheffler,0,20.61,150,,0.782375,0.45465,0.18545,0.05285,,31.78688226,10400,6.4736,67.1107,73.58,17.08,,33.77091,11300,4.6895,68.56983,73.26,11.1,,,4.002,63.82236,67.82,-1972.8
Hideki Matsuyama,0,13.05,150,,0.7685,0.417725,0.159075,0.042225,,31.41055277,10100,5.5074,63.66555,69.17,11.86,,33.61835519,10800,3.9879,64.55294,68.54,8.03,,,3.3218,59.75144,63.07,-1800.37
Cameron Tringale,0,16.67,150,,0.7626,0.394825,0.1358,0.033675,,30.77684777,9300,5.2734,62.0718,67.35,14.87,,33.04822457,10400,3.8214,62.90408,66.73,10.12,,,3.1373,58.33887,61.48,-1330.58
Jordan Spieth,0,24.46,150,,0.7294,0.3665,0.129375,0.0344,,31.27003371,10700,5.0683,62.17315,67.24,3.98,,33.5107367,11500,3.6655,62.70938,66.37,3.11,,,3.0175,57.93625,60.95,-2155.68
Abraham Ancer,0,20.49,150,,0.7316,0.3652,0.12645,0.0297,,30.80531792,9700,5.001,61.9931,66.99,11.2,,33.03471518,10900,3.6281,62.62331,66.25,7.76,,,2.9596,57.86014,60.82,-1566.78
Corey Conners,0,23.78,150,,0.718225,0.339425,0.110325,0.026625,,30.61101183,9500,4.6908,60.7395,65.43,10.07,,32.96507862,11000,3.3835,61.11203,64.5,7.05,,,2.7217,56.42542,59.15,-1450.48
Ryan Palmer,0,20.79,150,,0.704725,0.3292,0.1088,0.025075,,31.14754293,9400,4.513,60.62195,65.13,10.32,,33.39326082,10700,3.2722,60.77863,64.05,7.09,,,2.6351,55.85742,58.49,-1392.17
Si Woo Kim,0,14.91,150,,0.70585,0.323325,0.10645,0.0252,,31.10518776,8900,4.1893,60.07935,64.27,12.68,,33.33998633,10200,3.0202,59.82898,62.85,8.33,,,2.4384,54.81474,57.25,-1098.77
Charley Hoffman,0,19.93,150,,0.708475,0.32225,0.1047,0.023625,,30.96755775,9200,4.2898,59.80685,64.1,10.1,,33.25055424,10500,3.1094,59.79758,62.91,6.96,,,2.4847,54.93474,57.42,-1275.33
Cameron Davis,0,13.18,150,,0.6596,0.26855,0.078525,0.01685,,30.71132529,8800,3.8597,57.4214,61.28,8.35,,33.04418884,9800,2.7805,57.09122,59.87,5.97,,,2.1791,52.30888,54.49,-1042.35
Chris Kirk,0,19.02,150,,0.66075,0.269525,0.075775,0.015625,,30.13400372,8600,3.7083,56.53665,60.24,8.1,,32.48890243,10300,2.6489,56.06292,58.71,5.82,,,2.0882,51.39728,53.49,-925.45
Matt Kuchar,0,3.5,150,,0.67855,0.2706,0.07575,0.014675,,29.72003404,9000,3.6194,56.29155,59.91,4.48,,32.09120617,10100,2.6038,55.87887,58.48,3.7,,,2.0031,51.20724,53.21,-1161.31
Charles Howell III,0,7.44,150,,0.652025,0.25705,0.0736,0.015725,,29.79954264,7800,3.5128,56.0986,59.61,13.15,,32.17107711,9800,2.5228,55.59748,58.12,9.07,,,1.9414,50.82512,52.77,-454.88
John Huh,0,10.07,150,,0.674375,0.2655,0.075175,0.0172,,29.99846414,7400,3.6029,55.86685,59.47,15.97,,32.38888933,8900,2.5773,55.43953,58.02,10.88,,,1.9955,50.74753,52.74,-219.3
Lanto Griffin,0,12,150,,0.676125,0.26965,0.0753,0.015875,,29.64622538,8700,3.4909,55.8082,59.3,5.73,,32.06658124,10000,2.5369,55.31911,57.86,4.54,,,1.9367,50.65955,52.6,-985.15
Sebastian Munoz,0,6.56,150,,0.660675,0.25305,0.070025,0.014525,,30.13752886,7600,3.4119,55.73695,59.15,13.89,,32.47473703,9000,2.4547,54.99669,57.45,9.38,,,1.8754,50.15628,52.03,-337.74
Brendan Steele,0,14.84,150,,0.63615,0.241475,0.0679,0.0137,,30.00817204,9100,3.3776,55.761,59.14,2.4,,32.29744484,10600,2.3962,54.91607,57.31,2.11,,,1.8725,50.0702,51.94,-1221.35
Zach Johnson,0,13.36,150,,0.6595,0.243725,0.06495,0.012925,,29.27519728,8500,3.2636,54.60505,57.87,4.83,,31.66193323,9900,2.3205,53.95452,56.28,3.99,,,1.7661,49.35752,51.12,-868.68
Harold Varner III,0,10.62,150,,0.64725,0.237475,0.0625,0.012175,,29.8049989,7900,3.2299,54.3793,57.61,8.97,,32.2434876,9700,2.3094,53.53461,55.84,6.42,,,1.7673,48.79193,50.56,-515.77
Keegan Bradley,0,13.38,150,,0.61435,0.2163,0.05495,0.011375,,29.38493786,8400,3.1341,54.32985,57.46,4.89,,31.75024183,10000,2.244,53.43417,55.68,3.89,,,1.685,48.66867,50.35,-810.47
Ryan Moore,0,8.06,150,,0.61155,0.212875,0.05505,0.011,,29.36554719,7900,3.1028,54.217,57.32,8.48,,31.7877656,9700,2.2205,53.33375,55.55,6.15,,,1.6658,48.56858,50.23,-516.07
Sam Burns,0,14.45,150,,0.62945,0.2219,0.0614,0.0124,,29.97721809,8000,3.0475,54.25915,57.31,7.7,,32.3148399,9900,2.1828,53.21297,55.4,5.53,,,1.6756,48.24003,49.92,-575.25
Aaron Wise,0,7.13,150,,0.61625,0.212025,0.0542,0.0112,,29.36010112,8000,3.1308,53.85375,56.98,7.13,,31.73366802,9600,2.2257,53.00785,55.23,5.37,,,1.6913,48.3879,50.08,-575.1
Adam Long,0,6.17,150,,0.627875,0.21965,0.0576,0.0113,,29.54973324,7200,2.9143,53.8086,56.72,12.81,,31.92628663,9100,2.0861,52.73375,54.82,8.79,,,1.5577,47.81297,49.37,-104.52
Rickie Fowler,0,5.86,150,,0.606425,0.204825,0.052925,0.009975,,29.22709216,8100,2.9766,53.6381,56.61,5.74,,31.58110938,9500,2.1136,52.6414,54.75,4.44,,,1.5839,47.86282,49.45,-634.57
Denny McCarthy,0,7.86,150,,0.6207,0.213975,0.05385,0.010025,,28.88319338,7300,3.0143,53.37945,56.39,11.48,,31.30524295,9000,2.1277,52.53525,54.66,8.16,,,1.5942,47.9276,49.52,-163.29
Doug Ghim,0,14.39,150,,0.620975,0.210375,0.05375,0.011025,,29.33678568,7300,2.8821,53.06695,55.95,10.73,,31.72693854,9100,2.0424,51.92873,53.97,7.5,,,1.535,47.15324,48.69,-164.04
Sepp Straka,0,8.4,150,,0.593525,0.19255,0.046875,0.00875,,29.07834406,7300,2.8018,53.1333,55.94,10.71,,31.37775262,8600,1.9952,51.96035,53.96,7.49,,,1.4866,47.10156,48.59,-164.13
Luke List,0,2.58,150,,0.61485,0.20155,0.04895,0.00905,,29.18245274,7000,2.8393,53.0541,55.89,12.92,,31.53673389,8700,2.0091,51.91822,53.93,8.89,,,1.5051,47.10529,48.61,12.6
Joel Dahmen,0,3.92,150,,0.61595,0.20355,0.051225,0.0099,,29.25070745,8200,2.7985,53.0716,55.87,3.71,,31.53680029,9600,1.9759,51.88176,53.86,3.11,,,1.4878,46.94945,48.44,-694.38
Jhonattan Vegas,0,7.02,150,,0.616375,0.20735,0.05445,0.010875,,29.53729518,7400,2.844,52.9281,55.77,9.66,,31.85958206,9200,2.0154,51.72126,53.74,6.81,,,1.5174,46.89823,48.42,-223.18
Andrew Putnam,0,7.56,150,,0.6236,0.2095,0.052025,0.0107,,28.74389665,7600,2.7663,52.57765,55.34,7.4,,31.06450343,9500,1.9671,51.43384,53.4,5.53,,,1.4537,46.75915,48.21,-341.18
Nick Taylor,0,3.46,150,,0.61935,0.1981,0.048225,0.00915,,28.57380541,6900,2.7365,52.49645,55.23,12.56,,30.9076752,8300,1.9564,51.33717,53.29,8.76,,,1.4258,46.66616,48.09,71.03
Adam Hadwin,0,4.26,150,,0.62455,0.20595,0.051225,0.00895,,29.0430551,8300,2.7946,52.29215,55.09,1.62,,31.36624691,9400,1.9637,51.12527,53.09,1.9,,,1.4805,46.47004,47.95,-753.72
Cameron Champ,0,5.4,150,,0.5999,0.1895,0.04555,0.00775,,29.06917405,7000,2.6212,51.9275,54.55,10.64,,31.40949449,8300,1.8662,50.518,52.38,7.42,,,1.3865,45.69828,47.08,11.22
Erik Van Rooyen,0,5.62,150,,0.58105,0.179925,0.042225,0.0072,,28.68512435,7500,2.647,51.87645,54.52,6.76,,31.05127078,9000,1.8816,50.61875,52.5,5.15,,,1.3875,45.93088,47.32,-283.07
Branden Grace,0,9.73,150,,0.594175,0.18705,0.0432,0.00875,,28.67838505,7800,2.6937,51.79915,54.49,4.42,,31.07052057,9200,1.9243,50.60395,52.53,3.75,,,1.4192,46.04324,47.46,-459.65
Gary Woodland,0,4.26,150,,0.5857,0.185025,0.04575,0.007475,,28.8730601,7600,2.6164,51.79505,54.41,5.81,,31.22192046,9400,1.8636,50.49102,52.35,4.53,,,1.3642,45.67668,47.04,-342.23
Byeong Hun An,0,2.77,150,,0.59105,0.18045,0.04495,0.008025,,28.8647919,7500,2.4769,51.368,53.84,5.6,,31.19583892,9300,1.7499,49.82656,51.58,4.28,,,1.2912,44.88443,46.18,-284.1
Patton Kizzire,0,4.14,150,,0.56865,0.1723,0.039175,0.00665,,28.72901226,7200,2.4711,51.3175,53.79,7.81,,31.03395471,8700,1.7596,49.81239,51.57,5.69,,,1.2563,45.0052,46.26,-107.32
Russell Knox,0,3.68,150,,0.60075,0.18825,0.046425,0.0087,,28.77313982,7000,2.5545,51.21585,53.77,9.31,,31.08851128,8700,1.7939,49.81858,51.61,6.68,,,1.3247,45.14465,46.47,10.67
Bo Hoag,0,2.9,150,,0.580675,0.17405,0.039125,0.00655,,28.39468742,6400,2.5497,50.9517,53.5,13.44,,30.78774352,7800,1.8106,49.56878,51.38,9.32,,,1.3219,44.92555,46.25,363.89
Matthew NeSmith,0,8.49,150,,0.5984,0.182975,0.0424,0.007525,,28.48647473,7100,2.4772,51.01385,53.49,8.07,,30.82094084,8800,1.7523,49.57929,51.33,5.94,,,1.2792,44.8231,46.1,-48.56
Scott Stallings,0,2.31,150,,0.562925,0.161025,0.035525,0.005325,,28.35720344,6600,2.4598,50.5662,53.03,11.11,,30.71250863,8100,1.7439,49.12963,50.87,7.88,,,1.2919,44.50199,45.79,245.67
Danny Lee,0,0.61,150,,0.5593,0.160575,0.037,0.005925,,28.35734369,6500,2.3499,50.56265,52.91,11.67,,30.72140232,7600,1.6713,48.96037,50.63,8.13,,,1.201,44.19477,45.4,304.22
Cameron Percy,0,2.9,150,,0.56095,0.1637,0.03735,0.006575,,28.21421457,6600,2.4013,50.4903,52.89,10.87,,30.51877605,8200,1.6799,48.99842,50.68,7.7,,,1.2333,44.34435,45.58,245.48
Matt Wallace,0,3.23,150,,0.588275,0.175175,0.039475,0.00685,,28.43831523,7700,2.3754,50.5005,52.88,2.44,,30.74209314,9000,1.6751,48.93549,50.61,2.4,,,1.2148,44.20462,45.42,-402.59
Sam Ryder,0,9.84,150,,0.55645,0.1578,0.035025,0.00535,,28.17754771,7400,2.374,50.1654,52.54,4.15,,30.50812023,8900,1.6953,48.62426,50.32,3.55,,,1.2203,44.05956,45.28,-226.01
Harry Higgs,0,11.46,150,,0.582425,0.169175,0.0375,0.0066,,28.19236031,7100,2.2919,50.209,52.5,6.38,,30.44409136,8800,1.6076,48.63626,50.24,4.91,,,1.1417,43.9043,45.05,-49.51
Tom Hoge,0,3.26,150,,0.559125,0.160775,0.0353,0.0056,,27.99438052,7000,2.347,50.04645,52.39,6.96,,30.29263031,8600,1.626,48.56951,50.2,5.34,,,1.1947,43.92509,45.12,9.46
Pat Perez,0,1.29,150,,0.597225,0.17575,0.04065,0.00715,,27.89152017,6900,2.3683,50.0021,52.37,7.69,,30.22421128,8000,1.66,48.53859,50.2,5.82,,,1.1903,44.11072,45.3,68.52
Martin Laird,0,3.84,150,,0.570475,0.164725,0.038175,0.006625,,28.32135648,7100,2.3183,50.05285,52.37,6.16,,30.60916379,8600,1.6082,48.41895,50.03,4.71,,,1.1657,43.7265,44.89,-49.65
Bernd Wiesberger,0,2.01,150,,0.55625,0.154825,0.0346,0.0061,,28.08118797,7200,2.3118,49.92125,52.23,5.15,,30.33967931,8600,1.6219,48.34185,49.96,4.16,,,1.1842,43.68054,44.86,-108.58
Patrick Rodgers,0,2.08,150,,0.5584,0.155975,0.033725,0.006175,,28.09297782,6800,2.3025,49.91405,52.22,8.2,,30.34328868,7900,1.6229,48.31966,49.94,6.05,,,1.1659,43.65828,44.82,126.99
Peter Malnati,0,2.08,150,,0.544225,0.146925,0.0334,0.005875,,28.53190684,6500,2.252,49.88665,52.14,10.35,,30.85996835,8100,1.5844,48.08401,49.67,7.22,,,1.161,43.22233,44.38,303.3
Charl Schwartzel,0,1.59,150,,0.574325,0.16705,0.038425,0.006725,,28.14064489,6700,2.2645,49.7796,52.04,8.65,,30.47570942,7900,1.6048,48.1514,49.76,6.35,,,1.1517,43.47631,44.63,185.72
Henrik Norlander,0,2.79,150,,0.5422,0.14475,0.03125,0.004825,,27.86539654,7100,2.2678,49.62685,51.89,5.34,,30.16836406,8500,1.5809,47.95069,49.53,4.23,,,1.1375,43.31801,44.46,-50.04
Lucas Glover,0,4.68,150,,0.5763,0.1627,0.03555,0.005825,,27.78307757,7300,2.2507,49.6,51.85,3.74,,30.1205721,8800,1.5733,48.04175,49.62,3.36,,,1.1271,43.32579,44.45,-167.85
Doc Redman,0,2.77,150,,0.54295,0.1481,0.031325,0.00585,,28.37721326,6600,2.2281,49.5599,51.79,8.99,,30.64448979,8000,1.5583,47.8472,49.41,6.5,,,1.1293,43.09732,44.23,244.27
Brice Garnett,0,2.73,150,,0.550825,0.1458,0.0308,0.0051,,28.13963377,7000,2.3266,49.37295,51.7,5.78,,30.44032287,8200,1.6526,47.76823,49.42,4.6,,,1.1799,43.34683,44.53,8.93
Danny Willett,0,3.65,150,,0.532025,0.139275,0.029125,0.0048,,28.00317553,7700,2.1621,49.20655,51.37,-0.14,,30.23276581,9300,1.508,47.41282,48.92,0.79,,,1.0688,42.70304,43.77,-404.07
Chase Seiffert,0,4.56,150,,0.556575,0.153075,0.034125,0.0059,,28.36015444,7100,2.1918,48.9968,51.19,4.14,,30.59178933,8400,1.5307,47.21538,48.75,3.49,,,1.123,42.49193,43.61,-50.8
Kevin Chappell,0,8.17,150,,0.524425,0.13695,0.030025,0.0049,,28.01402259,6900,2.1384,48.86805,51.01,5.37,,30.27104627,8500,1.4883,47.11235,48.6,4.3,,,1.0713,42.36732,43.44,66.85
Rory Sabbatini,0,1.1,150,,0.552825,0.146825,0.031725,0.004825,,27.97051681,6900,2.1144,48.8499,50.96,5.28,,30.23560526,8000,1.4669,46.955,48.42,4.13,,,1.0586,42.24988,43.31,66.73
Roger Sloan,0,6.59,150,,0.535575,0.140825,0.0294,0.004825,,27.51964308,6700,2.0634,48.73485,50.8,6.54,,29.70586803,8400,1.4318,46.88956,48.32,4.98,,,1.0247,42.29344,43.32,184.55
Adam Schenk,0,1.59,150,,0.543925,0.142775,0.0284,0.003725,,27.42159117,6800,2.1342,48.6043,50.74,5.67,,29.65183553,8000,1.4855,46.90782,48.39,4.57,,,1.0458,42.50175,43.55,125.85
Greyson Sigg,0,1.59,150,,0.523525,0.134825,0.029775,0.004925,,27.82199424,6800,2.0413,48.25445,50.3,4.92,,30.02387027,9600,1.4129,46.30244,47.72,3.94,,,1.0082,41.64825,42.66,125.05
Will Gordon,0,3.42,150,,0.551675,0.145125,0.0319,0.005925,,27.57921781,6800,2.0191,48.2234,50.24,4.82,,29.86148599,8400,1.4059,46.36128,47.77,3.98,,,0.99,41.61449,42.6,125
Phil Mickelson,0,2.77,150,,0.536675,0.13755,0.0307,0.005775,,27.84589167,7500,1.8808,48.09615,49.98,-0.98,,30.03929679,8900,1.2907,45.85194,47.14,0.05,,,0.9225,40.82645,41.75,-288.08
Kyoung-Hoon Lee,0,1.22,150,,0.518425,0.12925,0.026025,0.004675,,27.70116347,7200,1.9853,47.83905,49.82,1.04,,29.94550439,8500,1.3993,45.85032,47.25,1.58,,,0.9933,41.15103,42.14,-111.02
Brandon Hagy,0,1.59,150,,0.530425,0.131875,0.028,0.005025,,27.58692965,6700,1.8308,47.30555,49.14,3.71,,29.82346485,8300,1.264,45.0822,46.35,3.11,,,0.883,40.25129,41.13,182.58
Nate Lashley,0,1.97,150,,0.515825,0.117575,0.0226,0.00365,,27.5788729,6900,1.8288,47.13115,48.96,1.87,,29.79220223,8500,1.2802,44.90107,46.18,1.99,,,0.8933,40.04199,40.94,64.6
Tom Lewis,0,1.1,150,,0.48195,0.113725,0.022275,0.003425,,27.39031095,6800,1.7308,46.8044,48.54,1.92,,29.50930955,8400,1.1795,44.4036,45.58,1.9,,,0.8315,39.47319,40.3,122.93
Joseph Bramlett,0,1.21,150,,0.51375,0.1189,0.023175,0.003475,,27.34985972,6600,1.8023,46.7027,48.51,3.4,,29.52405296,7700,1.2408,44.44947,45.69,2.96,,,0.8944,39.69569,40.59,240.99
Troy Merritt,0,0.61,150,,0.49475,0.10915,0.019125,0.0027,,26.78456628,6200,1.7725,46.56265,48.34,6.17,,29.03100286,7600,1.2408,44.44815,45.69,4.86,,,0.85,39.86992,40.72,476.72
Jim Furyk,0,3.95,150,,0.53975,0.129575,0.02505,0.0038,,26.78873654,6800,1.7489,46.4162,48.17,1.29,,28.99585438,8200,1.203,44.31732,45.52,1.84,,,0.8143,39.77397,40.59,123.19
Chesson Hadley,0,1.1,150,,0.510325,0.116975,0.022975,0.00365,,27.05625094,6600,1.7167,46.241,47.96,2.46,,29.3444224,7800,1.197,44.01389,45.21,2.5,,,0.8162,39.19776,40.01,240.47
Brandt Snedeker,0,0.11,150,,0.496825,0.1137,0.021775,0.00305,,26.90200794,6600,1.7101,46.1315,47.84,2.26,,29.07601197,7800,1.1815,43.87896,45.06,2.36,,,0.8277,39.2217,40.05,240.51
Vincent Whaley,0,0.83,150,,0.509925,0.1156,0.022725,0.003575,,27.1678625,6100,1.7351,45.8492,47.58,5.64,,29.36687253,7200,1.1889,43.52306,44.71,4.4,,,0.8366,38.84645,39.68,534.69
Tyler Duncan,0,1.1,150,,0.48215,0.099975,0.019025,0.0029,,26.89961398,6300,1.6482,45.8889,47.54,4.04,,29.00722132,7600,1.1335,43.50267,44.64,3.39,,,0.7892,38.82324,39.61,416.82
Bronson Burgoon,0,0.61,150,,0.481275,0.098125,0.01885,0.00295,,26.63421244,6500,1.6511,45.80965,47.46,2.37,,28.71811584,7500,1.1387,43.53114,44.67,2.46,,,0.7754,38.94424,39.72,299.11
Keith Mitchell,0,0.61,150,,0.496425,0.10655,0.021125,0.003175,,26.73398265,6400,1.5922,45.4643,47.06,2.46,,28.78849894,8100,1.0849,42.95995,44.04,2.34,,,0.7647,38.29397,39.06,357.42
Anirban Lahiri,0,0.11,150,,0.4729,0.1012,0.0184,0.002525,,27.04213569,6300,1.652,45.4002,47.05,3.2,,29.23339466,7200,1.1379,43.01401,44.15,2.92,,,0.7892,38.34731,39.14,416.4
Brian Stuard,0,1.59,150,,0.50075,0.1052,0.018875,0.002975,,26.76819084,6700,1.6154,45.32225,46.94,-0.04,,28.96220367,8100,1.1184,42.96806,44.09,0.96,,,0.7598,38.28531,39.05,180.71
Akshay Bhatia,0,3.15,150,,0.5067,0.1162,0.02415,0.004,,26.95129209,6400,1.6462,45.2466,46.89,2.17,,29.21338962,7300,1.1569,42.94519,44.1,2.4,,,0.7997,38.2293,39.03,357.4
Robby Shelton,0,0.11,150,,0.487275,0.102825,0.01825,0.003,,26.59235633,6500,1.503,45.14675,46.65,0.99,,28.6981875,7700,1.0253,42.57233,43.6,1.44,,,0.6943,37.73151,38.43,297.95
Kyle Stanley,0,0.61,150,,0.501925,0.108225,0.0206,0.00285,,26.57820065,6500,1.5819,44.8086,46.39,0.55,,28.80972875,8200,1.0999,42.38098,43.48,1.33,,,0.7502,37.74067,38.49,298.01
Austin Cook,0,0.11,150,,0.4923,0.09995,0.0188,0.00325,,26.48829528,6200,1.5073,44.71575,46.22,2.55,,28.64911422,7200,1.0191,42.24246,43.26,2.55,,,0.7019,37.53136,38.23,474.48
Kristoffer Ventura,0,0.11,150,,0.482275,0.0974,0.018475,0.002875,,26.41473749,6400,1.4858,44.41275,45.9,0.48,,28.51880765,7400,1.0154,41.86968,42.89,1.25,,,0.6987,37.21423,37.91,356.39
Ben Martin,0,1.1,150,,0.455625,0.0868,0.0151,0.0024,,26.13559191,6600,1.4753,44.31065,45.79,-1.24,,28.25620025,8300,0.9995,41.78413,42.78,0.19,,,0.6861,37.19411,37.88,238.56
Ryan Brehm,0,0.11,150,,0.47015,0.09055,0.015925,0.00215,,26.37196514,6200,1.4089,44.0737,45.48,1.29,,28.45619712,8200,0.938,41.3379,42.28,1.62,,,0.6425,36.5961,37.24,473.59
Rafael Campos,0,0.61,150,,0.431975,0.08045,0.014325,0.001975,,26.49273065,6900,1.3956,43.9514,45.35,-4.29,,28.52049826,8100,0.9416,41.13166,42.07,-1.91,,,0.6421,36.29882,36.94,61.01
Wesley Bryan,0,0.61,150,,0.43075,0.083725,0.01625,0.00245,,26.48995518,6300,1.3952,43.8427,45.24,0.12,,28.58149001,7500,0.9529,41.02226,41.98,0.86,,,0.6487,36.15501,36.8,414.29
Graeme McDowell,0,4.75,150,,0.439625,0.081175,0.014025,0.002425,,26.044561,6700,1.3635,43.8185,45.18,-3.05,,28.10319619,8300,0.9155,41.16704,42.08,-0.95,,,0.6244,36.41677,37.04,178.9
Ryan Armour,0,0.11,150,,0.43615,0.076675,0.012675,0.0017,,25.82838474,6500,1.3631,43.65355,45.02,-1.79,,27.91972271,7500,0.9226,41.02646,41.95,-0.13,,,0.6072,36.45974,37.07,296.73
Jason Dufner,0,0.11,150,,0.431075,0.078975,0.0135,0.00195,,25.66707276,6500,1.3283,43.463,44.79,-2.18,,27.78843104,7700,0.8969,40.82257,41.72,-0.34,,,0.5853,36.22982,36.82,296.51
Hank Lebioda,0,0.11,150,,0.469975,0.086975,0.014025,0.00195,,25.82738215,6200,1.3708,43.39755,44.77,0.08,,27.88648566,7000,0.9166,40.76411,41.68,1.05,,,0.6307,36.13691,36.77,473.17
Andrew Landry,0,0.61,150,,0.4393,0.0805,0.013425,0.002325,,25.90910809,6700,1.2793,43.4567,44.74,-3.8,,27.96555901,7800,0.8648,40.66301,41.53,-1.48,,,0.5667,35.87454,36.44,178.36
Beau Hossler,0,0.11,150,,0.44925,0.08195,0.01395,0.00195,,25.90993019,6300,1.2593,43.2152,44.47,-1.2,,27.8691989,7100,0.8239,40.25385,41.08,0,,,0.5571,35.43803,36,413.57
Rafa Cabrera Bello,0,0.11,150,,0.461075,0.083025,0.013725,0.001775,,25.47120142,6700,1.3066,43.08875,44.4,-4.38,,27.49259058,7900,0.8708,40.3455,41.22,-1.77,,,0.5875,35.80148,36.39,178.32
Kramer Hickok,0,0.11,150,,0.424325,0.07305,0.01105,0.001475,,25.64363938,6400,1.3021,42.937,44.24,-2.35,,27.71669715,7100,0.8773,40.21929,41.1,-0.46,,,0.5835,35.58868,36.17,354.82
Brian Gay,0,0.11,150,,0.458825,0.0829,0.013725,0.002275,,25.79283365,6300,1.2963,42.77605,44.07,-1.88,,27.89515515,7300,0.8759,40.00331,40.88,-0.19,,,0.5966,35.36312,35.96,413.54
Vaughn Taylor,0,0.11,150,,0.42645,0.07205,0.0117,0.00155,,25.4707466,6200,1.2535,42.7621,44.02,-1.2,,27.53316139,7400,0.8407,39.94676,40.79,0.2,,,0.5516,35.35394,35.91,472.39
J.B. Holmes,0,0.61,150,,0.44215,0.082575,0.014725,0.002075,,25.77952909,6500,1.181,42.5493,43.73,-3.99,,27.7848521,7700,0.7974,39.48453,40.28,-1.71,,,0.5376,34.63659,35.17,295.02
Camilo Villegas,0,0.61,150,,0.4454,0.080825,0.0139,0.00235,,25.67454792,6400,1.2158,42.31305,43.53,-3.56,,27.75566108,7400,0.811,39.43018,40.24,-1.28,,,0.5424,34.65798,35.2,353.95
Scott Brown,0,0.11,150,,0.417325,0.0719,0.011625,0.001625,,25.26621986,6400,1.1599,42.07905,43.24,-4.06,,27.33810057,7600,0.7803,39.09548,39.88,-1.62,,,0.5174,34.32555,34.84,353.63
Scott Harrington,0,0.11,150,,0.43525,0.072075,0.011475,0.001425,,25.03072354,6300,1.1165,42.11825,43.23,-3.31,,27.03279448,7100,0.7344,39.13082,39.87,-1.15,,,0.4872,34.44955,34.94,412.62
Seung-Yul Noh,0,0.11,150,,0.43595,0.07465,0.01275,0.00175,,25.47574387,6100,1.1823,41.9419,43.12,-1.97,,27.52214143,7000,0.7841,38.9887,39.77,-0.29,,,0.5195,34.3695,34.89,530.38
Xinjun Zhang,0,0.11,150,,0.45395,0.073475,0.010975,0.0013,,24.57675633,6000,1.1631,41.5871,42.75,-1.83,,26.53275071,7000,0.7657,38.79555,39.56,-0.02,,,0.4973,34.48781,34.99,589.37
Rob Oppenheim,0,0.11,150,,0.433525,0.07065,0.011,0.001475,,24.87209716,6200,1.0889,41.6544,42.74,-3.38,,26.84431005,7200,0.7045,38.59104,39.3,-1.22,,,0.4614,33.86199,34.32,470.97
Padraig Harrington,0,0.11,150,,0.4436,0.0739,0.0116,0.001525,,25.09391667,6200,1.1696,41.5588,42.73,-3.4,,27.12972475,7300,0.7724,38.73662,39.51,-1.02,,,0.5021,34.22539,34.73,471.33
Ted Potter Jr.,0,0.11,150,,0.38235,0.059125,0.00995,0.001275,,25.07322354,6300,1.0635,40.8663,41.93,-5.53,,27.05165419,7100,0.7041,37.67337,38.38,-2.57,,,0.478,32.90575,33.38,411.22
Kiradech Aphibarnrat,0,0.11,150,,0.38325,0.056225,0.008525,0.0014,,25.03375511,6100,1.0218,40.86775,41.89,-4.07,,26.97861408,7000,0.6794,37.59811,38.28,-1.71,,,0.4358,32.74593,33.18,528.84
D.J. Trahan,0,0.11,150,,0.396625,0.0611,0.008775,0.000875,,24.52353056,6000,1.039,40.6154,41.65,-3.71,,26.47532523,7000,0.677,37.53914,38.22,-1.29,,,0.4336,33.07098,33.5,588.03
David Hearn,0,0.11,150,,0.38765,0.05345,0.007375,0.000825,,24.19472203,6300,1.0308,40.25405,41.28,-6.64,,26.09126276,7400,0.6713,37.21716,37.89,-3.04,,,0.4321,32.92368,33.36,411.2
Luke Donald,0,0.11,150,,0.371925,0.05155,0.007325,0.00105,,24.48599827,6100,0.9853,40.22735,41.21,-5.23,,26.42162848,7000,0.6481,37.04362,37.69,-2.27,,,0.4134,32.42507,32.84,528.54
Michael Gligic,0,0.22,150,,0.36425,0.046375,0.006375,0.0009,,23.93047155,6200,0.9006,39.2145,40.12,-7.85,,25.80546784,7300,0.5847,35.89962,36.48,-3.9,,,0.3692,31.31994,31.69,468.6
Jimmy Walker,0,0.33,150,,0.3368,0.04215,0.006075,0.000625,,23.87820316,6100,0.8536,38.67965,39.53,-8.09,,25.78417515,7000,0.5539,35.18784,35.74,-4.13,,,0.3515,30.47523,30.83,526.73
Sebastian Cappelen,0,0.11,150,,0.34785,0.04125,0.006075,0.000625,,23.63290387,6200,0.8208,38.50955,39.33,-9.2,,25.49235864,7000,0.5254,35.02917,35.55,-4.79,,,0.3323,30.4007,30.73,467.74
Kelly Kraft,0,0.11,150,,0.3587,0.042025,0.0057,0.00055,,23.3512025,6100,0.7867,37.80465,38.59,-9.69,,25.21783352,7000,0.5035,34.26115,34.76,-5.06,,,0.3155,29.7413,30.06,526.04
Satoshi Kodaira,0,0.11,150,,0.3423,0.041675,0.0056,0.0007,,23.31872573,6100,0.7617,37.8004,38.56,-9.75,,25.10297619,7000,0.4794,34.2361,34.72,-5.1,,,0.2987,29.70443,30,525.98
Sean O'Hair,0,0.11,150,,0.32235,0.0344,0.003975,0.000425,,22.91931771,6000,0.7122,37.2167,37.93,-10.05,,24.70014389,7000,0.4586,33.57686,34.04,-5.27,,,0.284,28.9639,29.25,584.21
J.J. Spaun,0,0.11,150,,0.32825,0.03515,0.003775,0.000425,,22.98155334,6200,0.7322,37.18845,37.92,-11.6,,24.75750156,7000,0.4525,33.67885,34.13,-6.14,,,0.2921,29.29253,29.58,466.7
K.J. Choi,0,0.11,150,,0.337625,0.03575,0.004175,0.0004,,22.65312286,6100,0.6791,36.8999,37.58,-11.42,,24.42907109,7000,0.4212,33.20732,33.63,-6.14,,,0.2584,28.64198,28.9,524.99
Mac Meissner,0,0.11,150,,0.34095,0.0364,0.00455,0.0006,,22.91993563,6000,0.7043,36.76475,37.47,-10.84,,,,0,0,0,-37.65,,,0.2852,28.43019,28.72,583.73
Sung Kang,0,0.11,150,,0.315075,0.02975,0.003675,0.000425,,22.56050901,6000,0.581,36.4657,37.05,-11.56,,24.27037431,7000,0.3603,32.37821,32.74,-6.51,,,0.2143,27.46682,27.68,582.8
Tain Lee,0,0.11,150,,0.287025,0.028325,0.004,0.000375,,22.61123925,6000,0.593386582,36.2963544,36.89,-11.83,,,,0,0,0,-37.65,,,0,0,0,557.92
Rhein Gibson,0,0.11,150,,0.298075,0.02765,0.00355,0.000325,,22.48140437,6100,0.6235,36.0891,36.71,-12.9,,24.22760896,7700,0.3919,32.18478,32.58,-7.13,,,0.2404,27.55591,27.8,524.01
Henrik Stenson,0,0.11,150,,0.32715,0.0319,0.00395,0.000275,,21.96518574,6400,0.596,35.5755,36.17,-16.12,,23.63908225,7500,0.3572,31.74548,32.1,-9.02,,,0.2114,27.30333,27.51,347.04
Nick Watney,0,0.11,150,,0.318075,0.0294,0.002825,0.000325,,21.90024708,6200,0.5908,35.45885,36.05,-14.79,,23.60598411,7600,0.3615,31.60156,31.96,-8.2,,,0.2228,27.08594,27.31,464.66
Austin Eckroat,0,2.92,150,,0.283675,0.024325,0.00275,0.0002,,21.6790841,6300,0.5251,34.92405,35.45,-16.58,,23.38737898,7900,0.316,30.91547,31.23,-9.37,,,0.1831,26.31241,26.5,405.03
Michael Kim,0,0.11,150,,0.2363,0.016375,0.002125,0.00025,,20.67189617,6100,0.4123,32.63885,33.05,-19.14,,22.24124465,7000,0.2431,28.22773,28.47,-11.04,,,0.1465,23.58797,23.73,520.35
Sam Bennett,0,0.11,114,,0.230125,0.014675,0.001325,0.000175,,20.37950799,6000,0.4008,32.36755,32.77,-18.85,,,,0,0,0,-37.65,,,0.1341,23.45404,23.59,579.12
Sam Fidone,0,0.11,150,,0.234875,0.01585,0.001675,0,,20.31155874,6000,0.352067507,31.7785356,32.13,-19.95,,21.88071585,7200,0.189020093,27.23259896,27.42,-11.57,,,0,0,0,557.92
Bo Van Pelt,0,0.11,150,,0.21765,0.01175,0.000875,0.0001,,20.03584608,6100,0.3679,31.69285,32.06,-20.83,,21.62292025,7000,0.2184,27.26333,27.48,-11.99,,,0.1272,22.75005,22.88,519.58
D.A. Points,0,0.11,150,,0.128275,0.0033,0.0002,0.000025,,16.66822485,6000,0.1611,26.59685,26.76,-29.1,,18.15229701,7000,0.0838,21.43715,21.52,-17.18,,,0.0436,16.91742,16.96,573.16
Martin Trainer,0,0.11,150,,0.12935,0.0031,0.000225,0,,15.78981598,6000,0.1225,25.58575,25.71,-30.9,,17.23027156,7000,0.0634,20.15782,20.22,-18.42,,,0.0342,15.52976,15.56,571.9
Hunter Mahan,0,0.11,150,,0.1299,0.0026,0.000075,0,,15.46023004,6000,0.1075,25.47625,25.58,-31.12,,16.86287015,7000,0.0544,20.08724,20.14,-18.49,,,0.0321,15.52846,15.56,571.9
Kevin Stadler,0,0.11,150,,0.11205,0.00195,0.000025,0,,15.09990656,6000,0.0932,24.76035,24.85,-32.36,,16.58922753,7000,0.0423,19.19163,19.23,-19.36,,,0.0219,14.46576,14.49,570.94
Davis Love III,0,0.11,150,,0.105375,0.001675,0.00005,0,,14.52032514,6000,0.0784,24.0992,24.18,-33.5,,15.91735591,7000,0.037,18.45075,18.49,-20.06,,,0.0188,13.82928,13.85,570.37
Carlos Sainz,0,0.11,150,,0.094775,0.001525,0.000025,0,,14.44809972,6000,0.0774,23.5887,23.67,-34.37,,,,0,0,0,-37.65,,,0.0179,13.14511,13.16,569.75
Patrick Grimes,0,0.11,100,,0.08275,0.0007,0.00005,0,,13.83601611,6000,0.025525771,20.70129549,20.73,-39.39,,,,0,0,0,-37.65,,,0,0,0,557.92
J.J. Killeen,0,0.11,113,,0.031225,0.0001,0,0,,9.566010536,6000,0,14.12113227,14.12,-50.66,,,,0,0,0,-37.65,,,0,0,0,557.92
